Name,Mean,MeanLB,MeanUB,Stddev,StddevLB,StddevUB
GP/F,0.28152522997293594,0.20755744131828477,0.48345966109627625,0.16553738429532577,1.645040187873195e-2,0.22898459775142976
GP/NF,0.270489601555164,0.2116929370997241,0.4266305190103594,0.11791396807030238,5.686196788962455e-3,0.14998740572898345
IA/F,129.35804446835513,127.36311559344176,132.7345316222527,3.3455955258640717,7.006503401807462e-2,4.158272998223977
IA/NF,238.92172705075305,238.01593265501043,240.07945289025034,1.2933479272066908,2.887920941036537e-2,1.598125020862116
CM/F,1.9998172675087106e-2,1.985419222939993e-2,2.0136900562308574e-2,3.281145890625507e-4,2.542313379890996e-4,4.143345788833809e-4
CM/NF,6.065088631352648e-2,5.955750315239766e-2,6.36154113433063e-2,3.1767905446202435e-3,7.479400900570355e-4,5.537778474312722e-3
